OrganizationID,OrganizationName,VictimServicesProvider,OrganizationCommonName,DateCreated,DateUpdated,UserID,DateDeleted,ExportID
12V,St. Vincent de Paul Society - Holy Cross,0,,2016-12-21 09:30:08,2017-08-29 14:59:36,B4F,,E1593388800000
13V,St. Vincent de Paul Society - Holy Spirit,0,,2016-12-21 09:30:08,2018-03-12 15:53:53,BKC,,E1593388800000
14V,St. Vincent de Paul Society - Immaculate Heart of ,0,,2016-12-21 09:30:08,2017-08-29 14:59:07,B4F,,E1593388800000
15V,St. Vincent de Paul Society - St. Paul of the Cros,0,,2016-12-21 09:30:08,2017-08-29 14:52:25,B4F,,E1593388800000
16V,St. Vincent de Paul Society - St. Jude,0,,2016-12-21 09:30:08,2017-08-29 14:54:49,B4F,,E1593388800000
1SA,The Salvation Army - Gainesville,0,,2016-12-21 09:30:08,2017-08-29 15:17:14,B4F,,E1593388800000
1UW,United Way 211,0,,2016-12-21 09:30:08,2019-03-21 10:46:32,B9I,,E1593388800000
2SA,The Salvation Army - Griffin,0,,2016-12-21 09:30:08,2017-08-29 15:17:26,B4F,,E1593388800000
3SA,The Salvation Army - Jonesboro,0,,2016-12-21 09:30:08,2017-08-29 15:18:17,B4F,,E1593388800000
4SA,The Salvation Army - Kroc,0,,2016-12-21 09:30:08,2018-03-12 17:17:23,BKC,,E1593388800000
5SA,The Salvation Army - LaGrange,0,,2016-12-21 09:30:08,2017-08-29 15:26:29,B4F,,E1593388800000
6SA,The Salvation Army - Lawrenceville,0,,2016-12-21 09:30:08,2017-08-29 15:26:39,B4F,,E1593388800000
7SA,The Salvation Army - Macon,0,,2016-12-21 09:30:08,2018-01-24 15:10:30,A17,,E1593388800000
8SA,The Salvation Army - Peachcrest,0,,2016-12-21 09:30:08,2017-08-29 15:27:30,B4F,,E1593388800000
90w,90 Works,0,,2017-10-30 14:23:10,2017-10-30 14:23:10,B9I,,E1593388800000
A1B,Advocates for Bartow's Children,0,,2016-12-21 09:30:08,2017-09-25 15:46:31,B9I,,E1593388800000
AA1,AIDS Athens,0,,2016-12-21 09:30:08,2017-12-07 16:26:37,A17,,E1593388800000
AAC,Albany Area Community Service Board,0,,2016-12-21 09:30:08,2017-08-28 13:43:15,B4F,,E1593388800000
AAI,Aid Atlanta Inc,0,,2018-09-21 11:22:53,2018-09-21 11:22:53,B9I,,E1593388800000
AAR,Asian American Resource Center,0,,2016-12-21 09:30:08,2017-08-28 13:44:27,B4F,,E1593388800000
ABH,Advantage Behavioral Health Systems,0,,2016-12-21 09:30:08,2017-12-07 16:41:51,A17,,E1593388800000
ACE,Athens CoC CE Basic,0,,2017-12-07 16:31:55,2017-12-07 16:31:55,A17,,E1593388800000
ACF,Africa's Children's Fund,0,,2016-12-21 09:30:08,2018-03-12 12:49:24,BKC,,E1593388800000
ACI,Another Chance Inc.,0,,2016-12-21 09:30:08,2018-05-07 12:23:42,BKC,,E1593388800000
ACP,Avita Community Partners,0,,2016-12-21 09:30:08,2019-02-12 12:40:59,B9I,,E1593388800000
ACS,"Atlanta Center for Self Sufficiency, Inc.",0,,2016-12-21 09:30:08,2018-03-12 14:47:07,BKC,,E1593388800000
AHD,Augusta Housing & Community Development Dept,0,,2016-12-21 09:30:08,2017-08-28 13:49:19,B4F,,E1593388800000
AHS,Athens Area Homeless Shelter/Job TREC program,0,,2016-12-21 09:30:08,2017-12-07 16:37:15,A17,,E1593388800000
AMN,Action Ministries N. GA Trans. Housing,0,,2016-12-21 09:30:08,2018-05-07 12:22:12,BKC,,E1593388800000
ARM,Augusta Rescue Mission,0,,2016-12-21 09:30:08,2017-08-28 13:49:37,B4F,,E1593388800000
ASS,"Augusta Stepping Stones to Recovery, Inc. (Parkway",0,,2016-12-21 09:30:08,2017-08-28 13:49:54,B4F,,E1593388800000
ATM,Augusta Urban Ministries,0,,2016-12-21 09:30:08,2017-09-25 15:53:33,B9I,,E1593388800000
AU4,Antioch Urban Ministries Inc.,0,,2016-12-21 09:30:08,2020-06-24 13:39:02,B9I,,E1593388800000
AWP,"Augusta Warrior Project, Inc",0,,2016-12-21 09:30:08,2017-08-28 13:50:30,B4F,,E1593388800000
BaC,BOS CoC Bartow CE Basic,0,,2018-01-23 16:36:47,2018-01-24 12:45:48,A17,,E1593388800000
BCS,Bartow County Social Services,0,,2016-12-21 09:30:08,2017-09-25 15:54:31,B9I,,E1593388800000
BGL,BOS CoC Glynn CE Basic,0,,2018-06-22 15:16:50,2019-02-12 12:08:51,B9I,,E1593388800000
BHC,BOS CoC Hall CE Basic,0,,2019-02-12 12:08:22,2019-02-12 12:09:06,B9I,,E1593388800000
BHI,"Breakthru House, Inc",0,,2016-12-21 09:30:08,2019-08-15 14:51:24,B9I,,E1593388800000
BRZ,BOS CoC Liberty CE Basic,0,,2018-01-23 16:39:24,2019-02-12 12:09:23,B9I,,E1593388800000
BSB,BOS CoC Burke CE Basic,0,,2019-08-12 14:05:50,2019-09-23 11:52:50,B9I,,E1593388800000
BTB,BOS CoC Troup CE Basic,0,,2020-02-13 15:39:35,2020-02-13 15:39:35,B9I,,E1593388800000
C1A,City of Atlanta CoC,0,,2016-12-21 09:30:08,2018-03-12 17:12:29,BKC,,E1593388800000
CA1,City of Albany,0,,2016-12-21 09:30:08,2017-08-28 14:02:03,B4F,,E1593388800000
CAC,Community Assistance Center,0,,2016-12-21 09:30:08,2017-08-28 14:17:31,B4F,,E1593388800000
CAH,Calhoun Affordable Housing Development,0,,2016-12-21 09:30:08,2017-08-28 13:57:01,B4F,,E1593388800000
CAI,"Community Action for Improvement, Inc.",0,,2019-03-04 11:29:47,2019-03-04 11:29:47,B9I,,E1593388800000
CBS,BOS CoC Colquitt CE Basic,0,,2018-01-23 16:40:08,2018-01-24 12:46:49,A17,,E1593388800000
CC1,Clayton CSA Inc.,0,,2016-12-21 09:30:08,2018-07-23 12:02:45,B9I,,E1593388800000
CC4,Clayton County Extension 4-H,0,,2016-12-21 09:30:08,2019-03-21 10:47:05,B9I,,E1593388800000
CCB,Cobb CoC CE Basic,0,,2018-01-16 13:44:31,2018-07-11 10:28:24,B9I,,E1593388800000
CCE,"Carroll County Emergency Shelter, Inc.",0,,2016-12-21 09:30:08,2017-08-28 13:58:50,B4F,,E1593388800000
CCI,"Covenant Community, Inc.",0,,2016-12-21 09:30:08,2018-03-12 15:15:29,BKC,,E1593388800000
CCM,Crossroads Community Ministries,0,,2016-12-21 09:30:08,2018-05-07 12:24:50,BKC,,E1593388800000
CCS,Cobb/Douglas Community Services Board,0,,2016-11-16 11:59:43,2017-08-28 15:41:25,B4F,,E1593388800000
CEB,CE Balance of State,0,,2017-09-20 15:07:35,2017-09-25 15:57:56,B9I,,E1593388800000
CFC,Clayton Family Care,0,,2016-12-21 09:30:08,2017-08-28 14:05:25,B4F,,E1593388800000
CFI,"Community Friendship, Inc.",0,,2016-12-21 09:30:08,2018-03-12 15:11:21,BKC,,E1593388800000
CFR,The Center for Family Resources,0,,2016-11-16 12:02:48,2017-08-29 15:06:45,B4F,,E1593388800000
CGC,Coastal GA Community Action Authority,0,,2018-08-17 08:19:42,2018-08-17 08:19:42,B9I,,E1593388800000
CHA,Carrollton Housing Authority,0,,2016-12-21 09:30:08,2017-08-28 13:59:05,B4F,,E1593388800000
CHG,Covenant House Georgia,0,,2016-12-21 09:30:08,2020-05-20 09:14:41,B4F,,E1593388800000
CHN,City of Hinesville Next Step Program,0,,2016-12-21 09:30:08,2017-08-28 14:03:39,B4F,,E1593388800000
CKI,"CHRIS Kids, Inc",0,,2016-12-21 09:30:08,2018-03-12 15:05:53,BKC,,E1593388800000
CMG,CSB of Middle Georgia,0,,2016-12-21 09:30:08,2017-08-28 14:20:01,B4F,,E1593388800000
COA,Central Outreach and Advocacy Center,0,,2016-12-21 09:30:08,2018-03-12 15:02:48,BKC,,E1593388800000
COR,City of Refuge,0,,2016-12-21 09:30:08,2018-03-12 15:07:54,BKC,,E1593388800000
CRI,"Calvary Refuge, Inc.",0,,2016-12-21 09:30:08,2017-08-28 13:57:29,B4F,,E1593388800000
CSA,Chatham-Savannah Authority for the Homeless,0,,2016-12-21 09:30:08,2017-12-08 12:28:07,A17,,E1593388800000
CSM,"Clifton Sanctuary Ministries, Inc.",0,,2016-12-21 09:30:08,2018-03-12 15:08:46,BKC,,E1593388800000
CSR,CSRA EOA,0,,2016-12-21 09:30:08,2017-12-08 12:48:05,A17,,E1593388800000
CSS,Catholic Social Services,0,,2016-12-21 09:30:08,2017-09-25 15:57:44,B9I,,E1593388800000
CVC,The Children's Village at Christian City,0,,2016-12-21 09:30:08,2019-03-21 10:49:23,B9I,,E1593388800000
CW1,CaringWorks -  Hope House,0,,2016-12-21 09:30:08,2018-03-12 17:10:25,BKC,,E1593388800000
CW2,"CaringWorks, Inc.",0,,2016-12-21 09:30:08,2018-12-19 10:55:51,B9I,,E1593388800000
DCA,DCA Compliance,0,,2016-12-21 09:30:08,2018-01-26 11:14:26,B4F,,E1593388800000
DCE,DeKalb Coordinated Entry,0,,2017-12-22 09:26:52,2018-07-11 10:31:48,BJS,,E1593388800000
DCM,Decatur Cooperative Ministry,0,,2016-12-21 09:30:08,2019-08-15 14:49:05,B9I,,E1593388800000
DCS,Dekalb Community Services Board,0,,2016-12-21 09:30:08,2019-08-15 14:43:55,B9I,,E1593388800000
DGW,"Dalton's Greater Works, Inc",0,,2016-12-21 09:30:08,2017-08-28 14:22:11,B4F,,E1593388800000
DNS,SWGACAC-Dougherty County Neighbor Service Center,0,,2017-06-28 08:05:42,2017-08-29 14:16:57,B4F,,E1593388800000
DPT,Decatur Presbyterian Church-Threshold Ministry,0,,2016-12-21 09:30:08,2019-08-15 14:53:15,B9I,,E1593388800000
DSH,Douglas County Shelter Home,0,,2017-06-28 07:31:38,2018-09-17 13:47:45,B9I,,E1593388800000
DWC,Dalton-Whitfield Community Development Corp.,0,,2016-12-21 09:30:08,2017-08-28 14:22:28,B4F,,E1593388800000
EAC,East Augusta CDC,0,,2016-12-21 09:30:08,2019-03-21 10:47:50,B9I,,E1593388800000
EHI,Essence of Hope Inc,0,,2016-12-21 09:30:08,2018-03-12 15:22:33,BKC,,E1593388800000
ES1,EOA Savannah-Chatham,0,,2016-12-21 09:30:08,2017-08-28 14:29:33,B4F,,E1593388800000
EXT,The Extension,0,,2016-11-16 12:03:28,2017-08-29 15:08:06,B4F,,E1593388800000
FAM,Family Advancement Ministries,0,,2016-12-21 09:30:08,2017-08-28 14:31:34,B4F,,E1593388800000
FCD,"Faith Community Development Service, Inc.",0,,2016-12-21 09:30:08,2017-08-28 14:30:55,B4F,,E1593388800000
FCO,Faith Community Outreach,0,,2016-12-21 09:30:08,2017-08-28 14:31:07,B4F,,E1593388800000
FDM,"Fellowship Deliverance Ministries, Inc.",0,,2016-12-21 09:30:08,2018-09-17 14:42:31,B9I,,E1593388800000
FF1,Families First,0,,2016-12-21 09:30:08,2018-03-12 15:23:31,BKC,,E1593388800000
FIC,Family Initiative of the CSRA,0,,2016-12-21 09:30:08,2017-08-28 14:31:59,B4F,,E1593388800000
FLR,"Family Life Restoration Center, Inc.",0,,2016-12-21 09:30:08,2017-08-28 14:32:14,B4F,,E1593388800000
FP1,Florida Community Prevention Center Inc.,0,,2016-12-21 09:30:08,2018-09-17 15:59:45,B9I,,E1593388800000
FPA,Family Promise of Augusta (formerly - Interfaith H,0,,2016-12-21 09:30:08,2017-08-28 14:32:30,B4F,,E1593388800000
FPG,"Family Promise of Gwinnett County, Inc.",0,,2016-12-21 09:30:08,2018-01-04 07:44:16,B9I,,E1593388800000
FPM,First Presbyterian Church Community Ministries,0,,2016-12-21 09:30:08,2018-03-12 15:24:39,BKC,,E1593388800000
FPS,"Family Promise of Greater Savannah, Inc. (IHN)",0,,2016-12-21 09:30:08,2017-08-28 14:33:16,B4F,,E1593388800000
FSA,The Salvation Army - Fulton,0,,2016-12-21 09:30:08,2017-08-29 15:17:00,B4F,,E1593388800000
FSS,First Step Staffing,0,,2016-12-21 09:30:08,2018-03-12 15:25:22,BKC,,E1593388800000
GBH,Gateway Behavioral Health Services,0,,2016-12-21 09:30:08,2017-08-28 14:44:56,B4F,,E1593388800000
GCI,"Georgia Calls, Inc.",0,,2016-12-21 09:30:08,2017-08-28 14:47:37,B4F,,E1593388800000
GCY,Georgia Center for Youth Excellence Inc.,0,,2018-09-04 15:19:13,2018-09-04 15:19:13,B9I,,E1593388800000
GEL,"Georgia Educational Learning Center, Inc.",0,,2016-12-21 09:30:08,2018-09-17 15:58:56,B9I,,E1593388800000
GH4,Grady Health System,0,,2016-12-21 09:30:08,2018-03-12 15:32:48,BKC,,E1593388800000
GIA,Goodwill Industries - Augusta,0,,2016-12-21 09:30:08,2017-08-28 15:03:39,B4F,,E1593388800000
GIL,Gilgal,0,,2018-09-27 14:56:17,2018-09-27 14:56:17,B9I,,E1593388800000
gl2,Georgia Legal Services,0,,2017-07-12 07:49:32,2017-08-28 14:49:22,B4F,,E1593388800000
GLH,Georgia Law Center on Homelessness and Poverty,0,,2016-12-21 09:30:08,2018-03-12 15:28:14,BKC,,E1593388800000
GLV,"George Leile Visions, Inc.",0,,2016-12-21 09:30:08,2017-08-28 14:47:21,B4F,,E1593388800000
GNH,Good Neighbor Homeless Shelter,0,,2016-12-21 09:30:08,2017-08-28 15:02:53,B4F,,E1593388800000
GS1,Good Samaritan Respite Center,0,,2016-12-21 09:30:08,2017-08-28 15:03:23,B4F,,E1593388800000
GTH,"Gift Transitional Home Care, Inc.",0,,2016-12-21 09:30:08,2018-03-12 15:31:38,BKC,,E1593388800000
GWC,Gateway Center 24/7,0,,2016-12-21 09:30:08,2020-02-05 10:11:07,B9I,,E1593388800000
HCB,Houston County Board of Health,0,,2017-11-08 14:42:18,2017-11-08 14:42:18,B9I,,E1593388800000
HCM,Fulton County CoC- HMIS Compliance Only,0,,2016-12-21 09:30:08,2018-09-17 16:00:06,B9I,,E1593388800000
HDI,"House of Dawn, Inc.",0,,2016-12-21 09:30:08,2017-08-28 15:14:25,B4F,,E1593388800000
HFH,Hosea Feed the Hungry and the Homeless,0,,2016-12-21 09:30:08,2018-03-12 15:36:07,BKC,,E1593388800000
HH1,"Hope House, Inc.",0,,2016-12-21 09:30:08,2017-08-28 15:13:33,B4F,,E1593388800000
HHI,"HomeStretch - Housing Initiative of North Fulton, ",0,,2016-12-21 09:30:08,2017-08-28 15:12:38,B4F,,E1593388800000
HHM,"Habersham Homeless Ministries, Inc.",0,,2016-12-21 09:30:08,2019-02-12 12:55:25,B9I,,E1593388800000
HIS,"The Hope Shelter, Inc.",0,,2016-12-21 09:30:08,2017-08-29 15:08:45,B4F,,E1593388800000
HNH,"Hearts to Nourish Hope, Inc",0,,2016-12-21 09:30:08,2018-09-17 16:00:33,B9I,,E1593388800000
HOG,House of Grace,0,,2016-12-21 09:30:08,2017-08-28 15:14:43,B4F,,E1593388800000
HOL,Homes of Light,0,,2016-12-21 09:30:08,2018-03-12 15:33:33,BKC,,E1593388800000
HOP,HOPE Atlanta (Traveler's Aid),0,,2016-11-16 12:00:53,2017-09-25 15:30:50,B9I,,E1593388800000
HOT,"House of T.I.M.E., Inc.",0,,2016-12-21 09:30:08,2018-09-17 16:01:11,B9I,,E1593388800000
HRC,Highland Rivers CSB,0,,2016-12-21 09:30:08,2017-08-28 15:09:07,B4F,,E1593388800000
HRN,Homeless Resource Network,0,,2016-12-21 09:30:08,2017-08-28 15:11:30,B4F,,E1593388800000
HSN,Hope Atlanta - SNHP,0,,2019-10-31 14:35:32,2019-10-31 14:35:32,B9I,,E1593388800000
HTD,HOPE Through Divine Intervention,0,,2016-12-21 09:30:08,2018-03-12 15:35:03,BKC,,E1593388800000
ICM,"Intown Collaborative Ministries, Inc.",0,,2016-12-21 09:30:08,2018-03-12 15:36:54,BKC,,E1593388800000
ICN,Inner City Night Shelter,0,,2016-12-21 09:30:08,2017-08-28 15:18:16,B4F,,E1593388800000
IHS,"In Her Shoes, Inc",0,,2019-10-11 09:07:34,2019-10-11 09:07:34,B9I,,E1593388800000
III,"Impact International, Inc.",0,,2016-12-21 09:30:08,2017-08-28 15:52:06,B4F,,E1593388800000
JCF,"Jesus Set the Captive Free, Inc.",0,,2016-12-21 09:30:08,2017-08-28 15:21:01,B4F,,E1593388800000
JHI,"Jerusalem House, Inc.",0,,2016-12-21 09:30:08,2018-03-12 15:37:49,BKC,,E1593388800000
LAA,Latin American Association,0,,2016-12-21 09:30:08,2018-05-09 14:35:38,B9I,,E1593388800000
LAM,"Lowndes Associated Ministries to People, Inc.",0,,2016-12-21 09:30:08,2017-08-28 15:25:37,B4F,,E1593388800000
LC9,Laurens County Board of Health,0,,2016-12-21 09:30:08,2017-12-07 16:00:11,A17,,E1593388800000
LCB,Lowndes County Board of Health,0,,2016-12-21 09:30:08,2018-01-24 16:08:07,A17,,E1593388800000
LCD,"LIFT Community Developement, Inc",0,,2016-12-21 09:30:08,2017-08-28 15:23:01,B4F,,E1593388800000
LFM,Loaves & Fishes Ministry,0,,2016-12-21 09:30:08,2017-08-28 15:24:20,B4F,,E1593388800000
LMC,Lookout Mountain Community Services,0,,2016-12-21 09:30:08,2017-08-28 15:24:51,B4F,,E1593388800000
LNF,"Lost-N-Found Youth, Inc",0,,2016-12-21 09:30:08,2018-03-12 15:39:22,BKC,,E1593388800000
LSG,Lutheran Services of Georgia,0,,2016-12-21 09:30:08,2017-08-28 15:27:48,B4F,,E1593388800000
MAC,Midtown Assistance Center,0,,2016-12-21 09:30:08,2018-03-12 15:41:46,BKC,,E1593388800000
MAW,"Making A Way Housing, Inc.",0,,2016-12-21 09:30:08,2018-03-12 15:40:11,BKC,,E1593388800000
MBC,Macon Bibb County EOC Homeless Services Center,0,,2016-12-21 09:30:08,2017-08-28 15:28:42,B4F,,E1593388800000
MBR,BOS CoC Bibb CE Basic,0,,2018-01-23 16:37:52,2018-01-24 12:46:14,A17,,E1593388800000
MC1,Mercy Care,0,,2016-12-21 09:30:08,2018-03-12 15:41:03,BKC,,E1593388800000
MCN,Murray County Next Step,0,,2016-12-21 09:30:08,2017-08-28 15:37:47,B4F,,E1593388800000
MFB,Middle Flint Behavioral Health Care,0,,2016-12-21 09:30:08,2017-08-28 15:35:50,B4F,,E1593388800000
MHF,Mary Hall Freedom House,0,,2016-12-21 09:30:08,2019-08-15 14:50:34,B9I,,E1593388800000
MIT,McIntosh Trail CSB,0,,2016-12-21 09:30:08,2017-08-28 15:32:32,B4F,,E1593388800000
MM1,MUST Ministries,0,,2016-11-16 12:01:08,2017-08-28 16:00:58,B4F,,E1593388800000
MO1,Macon Outreach,0,,2016-12-21 09:30:08,2017-08-28 15:28:58,B4F,,E1593388800000
MOI,"Maranatha Outreach, Inc.",0,,2016-12-21 09:30:08,2017-08-28 15:29:48,B4F,,E1593388800000
mrm,Macon Rescue Mission,0,,2017-06-28 07:48:57,2018-09-17 14:44:48,B9I,,E1593388800000
NCM,Norcross Cooperative Ministry,0,,2016-12-21 09:30:08,2017-08-29 12:59:29,B4F,,E1593388800000
NCR,National Church Residences,0,,2016-12-21 09:30:08,2018-03-12 15:42:35,BKC,,E1593388800000
NDO,"Ninth District Opportunity, Inc.",0,,2016-12-21 09:30:08,2019-02-12 13:03:10,B9I,,E1593388800000
NFC,North Fulton Community Charities,0,,2016-12-21 09:30:08,2017-09-22 10:30:40,B9I,,E1593388800000
NHC,New Horizons Community Service Board,0,,2016-12-21 09:30:08,2017-08-29 12:58:30,B4F,,E1593388800000
NHI,"Nicholas House, Inc.",0,,2016-12-21 09:30:08,2018-03-12 15:43:10,BKC,,E1593388800000
NLC,New Life Community Center,0,,2016-12-21 09:30:08,2019-08-14 10:42:01,B9I,,E1593388800000
NWG,North Georgia Health District,0,,2019-10-28 07:59:04,2019-10-28 07:59:04,B9I,,E1593388800000
OAI,"Open Arms, Inc.",0,,2016-12-21 09:30:08,2017-08-29 13:01:41,B4F,,E1593388800000
OCS,Oconee Community Service Board,0,,2016-12-21 09:30:08,2017-08-29 13:01:11,B4F,,E1593388800000
ODC,"Open Door Community House, Inc.",0,,2016-12-21 09:30:08,2018-09-17 16:01:56,B9I,,E1593388800000
OH1,Our House,0,,2016-12-21 09:30:08,2018-03-12 15:44:43,BKC,,E1593388800000
ORP,Oakhurst Recovery Program,0,,2016-12-21 09:30:08,2017-08-29 13:00:45,B4F,,E1593388800000
PCA,Partnership For Community Action,0,,2016-12-21 09:30:08,2019-08-15 14:42:53,B9I,,E1593388800000
PCC,"Project Community Connections, Inc.",0,,2016-12-21 09:30:08,2017-08-29 13:06:32,B4F,,E1593388800000
PCS,Pineland CSB,0,,2016-12-21 09:30:08,2017-08-29 13:05:26,B4F,,E1593388800000
PIH,"Positive Impact Health Center, Inc.",0,,2016-12-21 09:30:08,2018-12-06 11:15:42,B9I,,E1593388800000
PII,"3Keys, Inc.",0,,2016-12-21 09:30:08,2020-05-21 08:13:51,B9I,,E1593388800000
PKD,Pittsburg Kingdom Doors Baptist Church and Outreac,0,,2016-12-21 09:30:08,2017-08-29 13:05:40,B4F,,E1593388800000
PLC,Promise Land Community Development,0,,2016-12-21 09:30:08,2019-03-21 10:50:36,B9I,,E1593388800000
PLS,"Paradise For Living Services, Inc.",0,,2016-12-21 09:30:08,2017-08-29 13:02:34,B4F,,E1593388800000
PPI,"Phoenix Pass, Inc.",0,,2016-12-21 09:30:08,2017-08-29 13:04:56,B4F,,E1593388800000
PPO,Park Place Outreach,0,,2016-12-21 09:30:08,2017-08-29 13:03:20,B4F,,E1593388800000
PTS,Positive Transition Services,0,,2018-03-26 14:53:29,2018-03-26 14:53:29,B9I,,E1593388800000
QCD,Quest Community Development Organization,0,,2016-12-21 09:30:08,2018-03-12 15:46:20,BKC,,E1593388800000
RAT,Redeemed Community Outreach,0,,2017-02-12 19:39:29,2018-09-17 14:44:25,B9I,,E1593388800000
rbh,Rainbow Housing,0,,2018-11-14 09:57:23,2018-11-14 09:57:23,B9I,,E1593388800000
RCA,"Recovery Consultants of Atlanta, Inc",0,,2016-12-21 09:30:08,2018-03-12 15:48:09,BKC,,E1593388800000
RCC,"Rainbow Community Center, Inc.",0,,2016-12-21 09:30:08,2017-08-29 13:08:06,B4F,,E1593388800000
REB,River Edge Behavioral Health Center,0,,2016-12-21 09:30:08,2018-03-12 15:49:33,BKC,,E1593388800000
RER,Rockdale Emergency Relief Fund,0,,2016-12-21 09:30:08,2017-08-29 14:10:23,B4F,,E1593388800000
RVI,"Rainbow Village, Inc.",0,,2016-12-21 09:30:08,2017-08-29 15:19:58,B4F,,E1593388800000
S99,The Salvation Army - Haven ATL,0,,2016-12-21 09:30:08,2018-03-12 15:55:29,BKC,,E1593388800000
SA1,The Salvation Army  - Red Shield Services,0,,2016-12-21 09:30:08,2018-03-12 15:54:39,BKC,,E1593388800000
SA2,The Salvation Army - Albany,0,,2016-12-21 09:30:08,2017-08-29 15:11:42,B4F,,E1593388800000
SA3,The Salvation Army - Athens,0,,2016-12-21 09:30:08,2017-08-29 15:12:12,B4F,,E1593388800000
SA4,The Salvation Army - Augusta,0,,2016-12-21 09:30:08,2017-12-08 13:03:22,A17,,E1593388800000
SA5,The Salvation Army - Brunswick,0,,2016-12-21 09:30:08,2017-08-29 15:13:25,B4F,,E1593388800000
SA9,The Salvation Army - Douglas,0,,2016-12-21 09:30:08,2017-08-29 15:15:59,B4F,,E1593388800000
SAC,The Salvation Army - Columbus,0,,2016-12-21 09:30:08,2018-09-17 14:41:51,B9I,,E1593388800000
SAV,The Salvation Army - Valdosta,0,,2016-12-21 09:30:08,2017-08-29 15:28:56,B4F,,E1593388800000
SBH,Serenity Behavioral Health Systems,0,,2016-12-21 09:30:08,2017-08-29 14:13:15,B4F,,E1593388800000
SGB,South Georgia CSB - Behavioral Health Svcs,0,,2016-12-21 09:30:08,2017-08-29 15:04:54,B4F,,E1593388800000
SGC,"Southwest Georgia Community Action Council, Inc.",0,,2016-12-21 09:30:08,2018-01-24 15:58:41,A17,,E1593388800000
SGG,Saved By Grace Glynn,0,,2018-01-05 13:08:35,2018-01-05 13:08:35,B9I,,E1593388800000
SGP,South Georgia Partnership to End Homelessness,0,,2016-12-21 09:30:08,2017-08-29 15:04:38,B4F,,E1593388800000
SHC,Safe Harbor Children's Center,0,,2016-12-21 09:30:08,2018-05-16 08:07:21,B4F,,E1593388800000
SHO,Safe House Outreach,0,,2016-12-21 09:30:08,2018-09-05 14:00:16,B4F,,E1593388800000
SJR,"St Judes Recovery Center, Inc.",0,,2016-12-21 09:30:08,2018-03-12 15:52:10,BKC,,E1593388800000
SLI,Sound Landing Incorporated,0,,2016-12-21 09:30:08,2018-08-28 13:55:58,B9I,,E1593388800000
spo,St. Paul's Outreach Center,0,,2017-06-29 07:19:17,2017-08-29 15:02:06,B4F,,E1593388800000
SSM,Saint Stephens Ministries,0,,2016-12-21 09:30:08,2017-08-29 14:11:33,B4F,,E1593388800000
STF,Solomon's Temple Foundation Inc.,0,,2016-12-21 09:30:08,2018-03-12 15:51:20,BKC,,E1593388800000
SVC,St. Vincent de Paul Society - Corpus Christi,0,,2016-12-21 09:30:08,2017-08-29 15:00:22,B4F,,E1593388800000
SVK,St. Vincent de Paul Society - Christ the King,0,,2016-12-21 09:30:08,2017-08-29 15:01:17,B4F,,E1593388800000
SVP,St. Vincent de Paul Society - Cobb County,0,,2016-11-16 12:02:18,2017-08-29 15:00:56,B4F,,E1593388800000
SVS,St. Vincent de Paul Society - Conference Support,0,,2016-12-21 09:30:08,2018-03-12 15:52:57,BKC,,E1593388800000
TBT,"The Bridge of Tiftarea, Inc.",0,,2019-04-25 14:43:20,2019-09-24 08:55:08,B9I,,E1593388800000
TCC,The Collective at Cumberland,0,,2016-11-16 12:03:12,2017-08-29 15:07:34,B4F,,E1593388800000
TCM,Trinity Community Ministries,0,,2016-12-21 09:30:08,2018-03-12 15:59:02,BKC,,E1593388800000
TDH,The Drake House,0,,2016-12-21 09:30:08,2017-08-29 15:07:46,B4F,,E1593388800000
THC,Turner Hill Community Development Corporation,0,,2016-11-16 12:04:22,2017-08-29 15:31:24,B4F,,E1593388800000
TLH,The Light Homeless Shelter,0,,2016-12-21 09:30:08,2017-08-29 15:09:49,B4F,,E1593388800000
TOC,The Salvation Army - Toccoa,0,,2016-12-21 09:30:08,2017-08-29 15:28:46,B4F,,E1593388800000
TRC,"The Resource Center for Community Action, Inc",0,,2016-12-21 09:30:08,2017-08-29 15:11:13,B4F,,E1593388800000
TSC,The Sullivan Center,0,,2016-12-21 09:30:08,2018-03-12 15:56:25,BKC,,E1593388800000
UBH,Unison Behavioral Health,0,,2016-12-21 09:30:08,2017-08-29 15:33:13,B4F,,E1593388800000
UHC,"U Hope CDC, Inc",0,,2016-12-21 09:30:08,2019-03-21 10:51:29,B9I,,E1593388800000
UM1,Union Mission - Housing and ETC,0,,2016-12-21 09:30:08,2017-08-29 15:32:07,B4F,,E1593388800000
UMC,United Methodist Children's Home,0,,2016-12-21 09:30:08,2019-08-15 14:54:44,B9I,,E1593388800000
UMI,"Union Mission, Inc.",0,,2016-12-21 09:30:08,2017-12-08 12:23:45,A17,,E1593388800000
UW1,United Way of Metropolitan Atlanta - SSVF,0,,2016-11-16 12:04:49,2018-03-12 16:02:11,BKC,,E1593388800000
UW2,United Way of Metropolitan Atlanta - Street 2 Home,0,,2016-12-21 09:30:08,2018-03-12 16:37:59,BKC,,E1593388800000
UW3,United Way of the CSRA (2-1-1),0,,2016-12-21 09:30:08,2017-08-29 15:42:38,B4F,,E1593388800000
UWC,United Way - Collaborative PATH Team,0,,2016-12-21 09:30:08,2018-03-12 15:59:41,BKC,,E1593388800000
VAS,Volunteers of America Southeast,0,,2016-12-21 09:30:08,2017-08-29 15:36:56,B4F,,E1593388800000
VCI,"Vision 21 Concepts, Inc.",0,,2016-12-21 09:30:08,2017-08-29 15:44:02,B4F,,E1593388800000
VH1,Viewpoint Health,0,,2016-12-21 09:30:08,2017-08-29 15:43:38,B4F,,E1593388800000
WCB,Ware County Board of Health,0,,2019-10-29 09:58:44,2019-10-29 09:58:44,B9I,,E1593388800000
WCC,"Wesley Community Centers of Savannah, Inc.",0,,2016-12-21 09:30:08,2017-08-29 15:36:31,B4F,,E1593388800000
YAG,"Young Adult Guidance Center, Inc.",0,,2016-12-21 09:30:08,2018-03-12 16:41:05,BKC,,E1593388800000
YCI,"Youth Connections, Inc. Group Home",0,,2016-12-21 09:30:08,2018-09-17 14:40:57,B9I,,E1593388800000
ZHC,Zion Hill Community Development Corporation,0,,2016-12-21 09:30:08,2018-09-06 11:46:32,B9I,,E1593388800000
ZKI,Zion Keepers Inc,0,,2016-11-16 12:05:05,2018-09-24 12:56:41,B4F,,E1593388800000
